Time,Net_Worth
2026-02-10 20:36:07,5002.4194168799995
2026-02-10 20:37:09,5002.559116879999
2026-02-10 20:38:10,5002.44691688
2026-02-10 20:39:13,5001.918916879999
2026-02-10 20:40:52,5002.103523379999
2026-02-10 20:41:53,5001.899116879999
2026-02-10 20:42:53,5002.47221688
2026-02-10 20:43:54,5002.1829168799995
2026-02-10 20:44:54,5003.06401688
2026-02-10 20:45:54,5003.26816034
2026-02-10 20:46:54,5003.93521688
2026-02-10 20:47:54,5004.227816879999
2026-02-10 20:48:55,5003.61891925
2026-02-10 20:49:55,5002.443616879999
2026-02-10 20:50:55,5001.65931688
2026-02-10 20:51:56,5001.93541688
2026-02-10 20:52:56,5001.9359045
2026-02-10 20:53:57,5002.07137927
2026-02-10 20:54:57,5004.17245585
2026-02-10 20:55:57,5001.87122071
2026-02-10 20:56:57,5003.404779269999
2026-02-10 20:57:58,5004.02427927
2026-02-10 20:58:58,5004.470407989999
2026-02-10 20:59:58,5005.769118769999
2026-02-10 21:00:58,5006.78367293
2026-02-10 21:01:59,5002.43505656
2026-02-10 21:02:59,5004.419579269999
2026-02-10 21:03:59,5002.01237927
2026-02-10 21:04:59,4997.09177928
2026-02-10 21:06:00,4998.05590555
2026-02-10 21:07:00,5002.336879269999
2026-02-10 21:08:00,5003.82957927
2026-02-10 21:09:01,5005.28912812
2026-02-10 21:10:01,5009.97387027
2026-02-10 21:11:01,5013.53598351
2026-02-10 21:12:02,5011.363879269999
2026-02-10 21:13:02,5010.01161958
2026-02-10 21:14:02,5009.061268529999
2026-02-10 21:15:02,5012.14629944
2026-02-10 21:16:02,5015.2209850399995
2026-02-10 21:17:03,5033.636379269999
2026-02-10 21:18:03,5030.64507927
2026-02-10 21:19:03,5037.176379269999
2026-02-10 21:20:04,5032.86275995
2026-02-10 21:21:04,5029.122879269999
2026-02-10 21:22:04,5030.28021879
2026-02-10 21:23:04,5030.14845426
2026-02-10 21:24:05,5024.5417858
2026-02-10 21:25:05,5023.19337927
2026-02-10 21:26:05,5023.45887927
2026-02-10 21:27:05,5017.5758802499995
2026-02-10 21:28:06,5017.2302930999995
2026-02-10 21:29:06,5019.55307927
2026-02-10 21:30:06,5017.48807927
2026-02-10 21:31:06,5030.038744179999
2026-02-10 21:32:06,5018.1606792699995
2026-02-10 21:33:07,5014.8538725
2026-02-10 21:34:07,5006.77367927
2026-02-10 21:35:07,5011.161793589999
2026-02-10 21:36:07,5014.01887927
2026-02-10 21:37:08,5000.3544792699995
2026-02-10 21:38:08,4980.73714389
2026-02-10 21:39:08,4969.31457928
2026-02-10 21:40:08,4979.55107928
2026-02-10 21:41:08,4956.47027928
2026-02-10 21:42:09,4944.6522543599995
2026-02-10 21:43:09,4952.91710903
2026-02-10 21:44:09,4953.61998934
2026-02-10 21:45:10,4959.255430509999
2026-02-10 21:46:10,4953.049905129999
2026-02-10 21:47:10,4952.071467719999
2026-02-10 21:48:10,4948.939205129999
2026-02-10 21:49:10,4948.276905129999
2026-02-10 21:50:11,4948.743727829999
2026-02-10 21:51:11,4954.46899992
2026-02-10 21:52:11,4955.66179948
2026-02-10 21:53:12,4962.640305129999
2026-02-10 21:54:12,4958.87853122
2026-02-10 21:55:12,4961.76421082
2026-02-10 21:56:12,4967.328205129999
2026-02-10 21:57:13,4966.36250513
2026-02-10 21:58:13,4965.00460513
2026-02-10 21:59:13,4967.29902537
2026-02-10 22:00:14,4962.09475907
2026-02-10 22:01:14,4961.93402537
2026-02-10 22:02:14,4969.554029
2026-02-10 22:03:14,4965.4890253700005
2026-02-10 22:04:15,4973.28419838
2026-02-10 22:31:35,5013.7110067
2026-02-10 22:32:36,5009.66570804
2026-02-10 22:33:36,5015.02290804
2026-02-10 22:34:36,5009.46640027
2026-02-10 22:35:37,5012.58030804
2026-02-10 22:36:37,5011.03228485
2026-02-10 22:37:37,5016.116742390001
2026-02-10 22:38:37,5012.83990804
2026-02-10 22:39:37,5012.5777460300005
2026-02-10 22:40:38,5018.46850804
2026-02-10 22:41:38,5017.97962891
2026-02-10 22:45:39,4999.706508040001
2026-02-10 22:46:39,5003.89573998
2026-02-10 22:47:40,5007.38240804
2026-02-10 22:48:40,5013.25075326
2026-02-10 22:49:40,5016.46840804
2026-02-10 22:50:40,5004.70970804
2026-02-10 22:51:41,5010.72513321
2026-02-10 22:52:41,5002.04844571
2026-02-10 22:53:41,5012.5254294900005
2026-02-10 22:54:41,5010.916508040001
2026-02-10 22:58:51,5009.397374550001
2026-02-10 22:59:51,5006.61540804
2026-02-10 23:00:52,5008.2708226
2026-02-10 23:01:52,5002.76676283
2026-02-10 23:02:52,5006.6991107
2026-02-10 23:03:52,5000.25215611
2026-02-10 23:04:53,4995.36105611
2026-02-10 23:05:53,4997.0341732
2026-02-10 23:06:53,4990.78265611
2026-02-10 23:07:53,4993.80935611
2026-02-10 23:08:54,5001.45575611
2026-02-10 23:09:54,4994.11025611
2026-02-10 23:10:54,4998.91285611
2026-02-10 23:11:54,5007.96118483
2026-02-10 23:12:55,5010.98425611
2026-02-10 23:13:55,5014.45935611
2026-02-10 23:14:55,5031.4159561100005
2026-02-10 23:15:55,5028.67807608
2026-02-10 23:16:55,5030.98916379
2026-02-10 23:17:56,5026.97325611
2026-02-10 23:18:56,5025.26016118
2026-02-10 23:19:56,5021.05164843
2026-02-10 23:20:56,5015.82815611
2026-02-10 23:21:56,5019.08535372
2026-02-10 23:22:57,5010.51815611
2026-02-10 23:23:57,5015.24995611
2026-02-10 23:24:57,5017.39149579
2026-02-10 23:25:58,5016.94915611
2026-02-10 23:26:58,5022.64295344
2026-02-10 23:27:58,5018.36515611
2026-02-10 23:28:58,5018.2176561100005
2026-02-11 06:58:17,4980.63853222
2026-02-11 06:59:18,4981.58595522
2026-02-11 07:00:19,4980.9293627100005
2026-02-11 07:01:20,4981.16041718
2026-02-11 07:02:20,4981.55571718
2026-02-11 07:03:20,4982.13391718
2026-02-11 07:04:20,4982.28141718
2026-02-11 07:05:21,4982.365133050001
2026-02-11 07:06:21,4986.7307782
2026-02-11 07:07:21,4986.58841718
2026-02-11 07:08:21,4986.70051718
2026-02-11 07:09:21,4989.54248412
2026-02-12 19:01:16,4912.00542606
2026-02-12 19:02:17,4907.35542606
2026-02-12 19:03:17,4907.07942606
2026-02-12 19:04:18,4908.18942606
2026-02-12 19:05:18,4903.8874260600005
2026-02-12 19:06:18,4903.03680976
2026-02-12 19:07:18,4902.22937063
2026-02-12 19:08:19,4902.61542606
2026-02-12 19:09:19,4903.16742606
2026-02-12 19:10:19,4904.74705867
2026-02-12 19:11:30,4905.69980323
2026-02-12 19:12:30,4903.82142606
2026-02-12 19:13:30,4905.11142606
2026-02-12 19:14:31,4905.60342606
2026-02-12 19:15:31,4907.55306302
2026-02-12 19:16:31,4907.4583901900005
2026-02-12 19:17:31,4908.05243693
2026-02-12 19:18:32,4906.35942606
2026-02-12 19:19:32,4903.72459128
2026-02-12 19:20:32,4902.06342606
2026-02-12 19:21:32,4904.21255106
2026-02-12 19:22:32,4901.30142606
2026-02-12 19:23:33,4900.6903315
2026-02-12 19:24:33,4901.0434260600005
2026-02-12 19:25:33,4899.74817389
2026-02-12 19:26:33,4901.3118391
2026-02-12 19:27:34,4901.84742606
2026-02-12 19:28:34,4904.99964345
2026-02-12 19:29:34,4906.69703476
2026-02-12 19:30:34,4906.28142606
2026-02-12 19:31:35,4905.92711084
2026-02-12 19:32:35,4905.46651193
2026-02-12 19:33:35,4901.47754997
2026-02-12 19:34:35,4899.82542606
2026-02-12 19:35:36,4900.91742606
2026-02-12 19:36:36,4900.48583693
2026-02-12 19:37:36,4900.07482823
2026-02-12 19:38:36,4901.28654563
2026-02-12 19:39:36,4901.29800985
2026-02-12 19:40:37,4902.14142606
2026-02-12 19:41:37,4903.2456271500005
2026-02-12 19:42:37,4900.89134454
2026-02-12 19:43:37,4900.98942606
2026-02-12 19:44:37,4901.37942606
2026-02-12 20:10:44,4896.47859345
2026-02-12 20:11:55,4896.3874260600005
2026-02-12 20:12:55,4896.24942606
2026-02-12 20:13:56,4897.1755065
2026-02-12 20:14:56,4899.00083258
2026-02-12 20:15:56,4904.28342606
2026-02-12 20:16:56,4907.14542606
2026-02-12 20:17:56,4910.36653693
2026-02-12 21:34:00,4918.38942606
2026-02-12 21:35:01,4918.78542606
2026-02-12 21:36:02,4904.75323367
2026-02-12 21:37:02,4895.91942606
2026-02-12 21:38:03,4901.00742606
2026-02-12 21:39:03,4901.46787171
2026-02-12 21:40:03,4901.54142606
2026-02-12 21:41:04,4902.18137715
2026-02-12 21:42:04,4901.93693802
2026-02-12 21:43:04,4894.2628978
2026-02-12 21:44:04,4895.08224671
2026-02-12 21:45:05,4886.38542606
2026-02-12 21:46:06,4879.40720314
2026-02-12 21:47:06,4885.97142606
2026-02-12 21:48:07,4892.95622606
2026-02-12 21:49:07,4885.64087715
2026-02-12 21:50:07,4887.87342606
2026-02-12 21:51:08,4900.76742606
2026-02-12 21:52:08,4890.45671845
2026-02-12 21:53:08,4898.26542606
2026-02-12 21:54:09,4903.16142606
2026-02-12 21:55:09,4906.31316954
2026-02-12 21:56:09,4901.73127606
2026-02-12 21:57:10,4894.72091736
2026-02-12 21:58:10,4890.89763693
2026-02-12 21:59:10,4891.53942606
2026-02-12 22:00:10,4885.76142606
2026-02-12 22:24:53,5000.0
2026-02-12 22:26:05,4999.20657719
2026-02-12 22:27:27,4995.36800033
2026-02-12 22:28:27,4997.20660033
2026-02-12 22:29:28,5002.71924499
2026-02-12 22:30:28,5009.35516606
2026-02-12 22:31:28,5007.5942366300005
2026-02-12 22:32:28,5003.97094894
2026-02-12 22:33:28,4995.49166832
2026-02-12 22:34:29,4992.33806832
2026-02-12 22:35:29,4993.39380513
2026-02-12 22:36:29,4986.43617031
2026-02-12 22:37:29,4987.44506349
2026-02-12 22:38:29,4977.57913215
2026-02-12 22:40:27,4974.24220513
2026-02-12 22:41:28,4975.18180513
2026-02-12 22:42:28,4971.83520513
2026-02-12 22:43:28,4981.28720034
2026-02-12 22:44:28,4981.18142705
2026-02-12 22:45:29,4975.43941453
2026-02-12 22:46:29,4980.05719266
2026-02-12 22:47:29,4978.3119400900005
2026-02-12 22:48:29,4978.81725038
2026-02-12 22:49:29,4980.27420513
2026-02-12 22:50:30,4982.5548681
2026-02-12 22:51:30,4976.14711636
2026-02-12 22:52:30,4976.63536393
2026-02-12 22:53:30,4976.23740513
2026-02-12 22:54:31,4970.24600513
2026-02-12 22:55:31,4963.84327795
2026-02-12 22:56:31,4963.28600513
2026-02-12 22:57:32,4963.0362773
2026-02-12 22:58:32,4964.88100513
2026-02-12 22:59:32,4960.13660513
2026-02-12 23:00:33,4965.4828255699995
2026-02-12 23:01:33,4961.14743346
2026-02-12 23:02:33,4957.9404262200005
2026-02-12 23:03:33,4959.63542893
2026-02-12 23:04:34,4961.0554389
2026-02-12 23:05:34,4964.44827223
2026-02-12 23:06:34,4948.32042893
2026-02-12 23:07:34,4942.27319343
2026-02-12 23:08:35,4938.37542893
2026-02-12 23:09:35,4945.54951665
2026-02-12 23:10:35,4949.666143320001
2026-02-13 13:10:16,4915.213434310001
2026-02-13 13:11:16,4919.15743431
2026-02-13 13:12:17,4916.9896756200005
2026-02-13 13:13:18,4914.26009649
2026-02-13 13:14:20,4915.834386410001
2026-02-13 13:15:20,4915.79143431
2026-02-13 13:16:20,4916.151834310001
2026-02-13 13:17:20,4917.81290308
2026-02-13 13:18:21,4916.636985980001
2026-02-13 13:19:21,4913.30561424
2026-02-13 13:20:21,4914.87343431
2026-02-13 13:21:21,4915.55343431
2026-02-13 13:22:22,4914.36343431
2026-02-13 13:23:22,4905.09269373
